{
  "providers": {
    "deepgram": {
      "name": "Deepgram",
      "models": {
        "nova-2": {
          "name": "Nova-2",
          "languages": {
            "en-US": "English (US)",
            "en-GB": "English (UK)",
            "es-ES": "Spanish (Spain)",
            "fr-FR": "French (France)",
            "de-DE": "German (Germany)",
            "it-IT": "Italian (Italy)",
            "pt-BR": "Portuguese (Brazil)",
            "ja-JP": "Japanese (Japan)",
            "ko-KR": "Korean (South Korea)",
            "zh-CN": "Chinese (Mandarin)"
          }
        },
        "nova": {
          "name": "Nova",
          "languages": {
            "en-US": "English (US)",
            "en-GB": "English (UK)",
            "es-ES": "Spanish (Spain)",
            "fr-FR": "French (France)",
            "de-DE": "German (Germany)"
          }
        },
        "enhanced": {
          "name": "Enhanced",
          "languages": {
            "en-US": "English (US)",
            "en-GB": "English (UK)"
          }
        }
      }
    },
    "openai": {
      "name": "OpenAI Whisper",
      "models": {
        "whisper-1": {
          "name": "Whisper v1",
          "languages": {
            "en": "English",
            "es": "Spanish",
            "fr": "French",
            "de": "German",
            "it": "Italian",
            "pt": "Portuguese",
            "ru": "Russian",
            "ja": "Japanese",
            "ko": "Korean",
            "zh": "Chinese",
            "ar": "Arabic",
            "hi": "Hindi"
          }
        }
      }
    },
    "azure": {
      "name": "Azure Speech",
      "models": {
        "standard": {
          "name": "Standard",
          "languages": {
            "en-US": "English (US)",
            "en-GB": "English (UK)",
            "es-ES": "Spanish (Spain)",
            "fr-FR": "French (France)",
            "de-DE": "German (Germany)",
            "it-IT": "Italian (Italy)",
            "pt-BR": "Portuguese (Brazil)",
            "ja-JP": "Japanese (Japan)",
            "ko-KR": "Korean (South Korea)",
            "zh-CN": "Chinese (Mandarin)",
            "ar-SA": "Arabic (Saudi Arabia)",
            "hi-IN": "Hindi (India)"
          }
        },
        "premium": {
          "name": "Premium",
          "languages": {
            "en-US": "English (US)",
            "en-GB": "English (UK)",
            "es-ES": "Spanish (Spain)",
            "fr-FR": "French (France)",
            "de-DE": "German (Germany)"
          }
        }
      }
    },
    "google": {
      "name": "Google Speech-to-Text",
      "models": {
        "latest_long": {
          "name": "Latest Long",
          "languages": {
            "en-US": "English (US)",
            "en-GB": "English (UK)",
            "es-ES": "Spanish (Spain)",
            "fr-FR": "French (France)",
            "de-DE": "German (Germany)",
            "it-IT": "Italian (Italy)",
            "pt-BR": "Portuguese (Brazil)",
            "ja-JP": "Japanese (Japan)",
            "ko-KR": "Korean (South Korea)",
            "zh-CN": "Chinese (Mandarin)"
          }
        },
        "latest_short": {
          "name": "Latest Short",
          "languages": {
            "en-US": "English (US)",
            "en-GB": "English (UK)",
            "es-ES": "Spanish (Spain)",
            "fr-FR": "French (France)",
            "de-DE": "German (Germany)"
          }
        }
      }
    }
  }
}
